Workbook

Sheet Practical Test Matrix
A1: Phase | B1: Capstone Test Project | C1: Project Objective & Scope | D1: Key Mechanics & Engineering Tested | E1: Pass / Validation Criteria | F1: Strict Constraints (No Shortcuts) | G1: Test Status | H1: Execution Date | I1: Performance Metrics / Notes
A2: Phase 1: Full-Stack Web Development | B2: Real-Time Collaborative Code / Markdown Editor | C2: Build a collaborative editor with real-time cursor tracking, document history, and instant preview. | D2: State synchronization (WebSockets / SSE), optimistic UI updates, PostgreSQL document persistence, JWT/OAuth2 authentication, Docker containerization. | E2: Simulate 50 concurrent WebSocket connections; verify sub-50ms sync latency and zero document corruption on conflicting edits. | F2: No framework-in-a-box starters (build raw WebSocket handlers and custom auth middleware). | G2: Not Passed
A3: Phase 2: Low-Level Systems Programming | B3: Custom Memory Allocator (C) & Non-Blocking Async Event Loop (Rust) | C3: Implement custom malloc/free/realloc in C, and a light epoll/kqueue async event loop in Rust without third-party runtimes. | D3: sbrk/mmap system calls, heap fragmentation management, memory alignment, non-blocking sockets, epoll/kqueue, Rust ownership & lifetimes without unsafe leaks. | E3: Run Valgrind memcheck to ensure zero memory leaks; compare alloc/free throughput against standard glibc malloc under 1M allocations. | F3: Zero third-party dependencies or external runtimes (no Tokio for Rust, no standard malloc wrapper for C). | G3: Not Passed
A4: Phase 3: Architecture & System Design | B4: Distributed Rate Limiter & Event-Driven Message Broker | C4: Build a multi-node distributed token-bucket rate limiter and a pub/sub message broker with dead-letter queues. | D4: Distributed locking, Redis sliding window/token bucket algorithms, pub/sub queues, dead-letter re-routing, WAL (write-ahead log) persistence, gRPC interface. | E4: Subject the rate limiter to a 10,000 req/sec benchmark; verify exact request dropping thresholds and zero message loss under node crashes. | F4: Must run as containerized microservices with cluster replication. | G4: Not Passed
A5: Phase 4: Applied AI & Machine Learning Infrastructure | B5: Custom RAG Engine & Model Serving Pipeline | C5: Fine-tune an open-source LLM, build custom document chunking/embeddings, and deploy a high-throughput streaming inference server. | D5: PyTorch model fine-tuning, vector embeddings, cosine similarity search, custom chunking algorithms, INT8/GGUF quantization, streaming vLLM/TensorRT endpoints. | E5: Measure token generation throughput (tokens/sec) and latency-to-first-token (TTFT) under batch queries; achieve >30 tokens/sec on target hardware. | F5: Build the RAG retrieval pipeline without high-level wrappers like LangChain/LlamaIndex. | G5: Not Passed
A6: Phase 5: Competitive Algorithms & Advanced Math | B6: Hierarchical Navigable Small World (HNSW) Vector Index | C6: Implement an HNSW graph structure from scratch in C++ for fast approximate nearest neighbor (ANN) search over high-dimensional vectors. | D6: Multi-layer graph construction, skip-list principles, Euclidean/Cosine distance metrics, SIMD bitwise/vectorized operations, dynamic graph pruning. | E6: Benchmark query recall@K vs brute-force k-NN search across 100,000 128-dimensional vectors; verify logarithmic search time complexity. | F6: Must be implemented entirely in raw C++ using standard libraries only. | G6: Not Passed
A7: Phase 6: Reverse Engineering & Cybersecurity | B7: Crackme Binary Challenge & ROP Chain Exploit Payload | C7: Write a protected C binary with anti-debugging techniques, reverse engineer it in Ghidra, and craft an automated ROP exploitation script. | D7: x86-64 assembly, stack/heap layout, Ghidra decompilation, anti-debugging detection, stack canary bypassing, ROP (Return-Oriented Programming) chains, pwntools. | E7: Successfully achieve Ring 3 arbitrary shell execution (`/bin/sh`) on a compiled binary with ASLR and DEP enabled. | F7: Exploit script must be fully automated via Python `pwntools`. | G7: Not Passed
A8: Phase 7: OS Kernel Internals & Deep CS Research | B8: Linux Kernel Module (LKM) & Custom CUDA MatMul Kernel | C8: Develop a custom LKM for system monitoring and write an optimized matrix multiplication CUDA kernel competing with cuBLAS. | D8: Linux kernel syscall hooking (`sys_execve`), eBPF probes, ring 0 execution, CUDA C/C++ grid/block hierarchy, shared memory tiling, warp shuffle instructions. | E8: Benchmark CUDA kernel TFLOPS performance against cuBLAS on a target GPU; reach at least 80% of cuBLAS compute throughput. | F8: Kernel module must load/unload without kernel panic or ring 0 memory leaks. | G8: Not Passed
A9: Phase 8: Hardware, Silicon & Chip Design (ASIC/FPGA) | B9: 5-Stage Pipelined 32-Bit RISC-V CPU Core in Verilog | C9: Design and simulate a complete 5-stage pipelined RISC-V (RV32I) processor core with hazard resolution. | D9: Verilog/SystemVerilog, Instruction Fetch/Decode/Execute/Memory/Writeback stages, hazard detection, data forwarding, branch prediction, Verilator simulation. | E9: Synthesize the design in Vivado or Verilator; execute compiled C programs translated to RV32I machine code and verify correct register state. | F9: Must correctly handle structural, data, and control hazards without execution stalls where possible. | G9: Not Passed
A10: Phase 9: Quantum Computing & Quantum Information | B10: Variational Quantum Eigensolver (VQE) for Molecular Energy | C10: Program a VQE algorithm to calculate the ground-state energy of a hydrogen molecule ($H_2$) on a noisy quantum simulator. | D10: Qiskit / PennyLane, Parameterized Quantum Circuits (Ansatz), Jordan-Wigner transformation, Pauli Hamiltonian mapping, quantum noise models. | E10: Compare VQE ground-state energy convergence against exact full configuration interaction (FCI) classical calculations within 1.6 milli-Hartree accuracy. | F10: Must include realistic decoherence and readout error models. | G10: Not Passed
A11: Phase 10: Robotics, Embodied AI & Physical Control | B11: Autonomous Navigation & Visual SLAM System in ROS 2 | C11: Build a simulated mobile robot equipped with LiDAR and RGB-D cameras that maps an unknown environment and navigates autonomously. | D11: ROS 2 nodes/services/actions, URDF kinematics model, Visual-Inertial SLAM (ORB-SLAM3 / Cartographer), Model Predictive Control (MPC), Gazebo/Isaac Sim. | E11: Verify zero collisions during autonomous path planning across a complex indoor maze environment with dynamic obstacles. | F11: Sim-to-real locomotion policies must maintain balance under external disturbance forces. | G11: Not Passed
A12: Phase 11: Bio-Informatics, BCIs & Bio-Computing | B12: EEG Motor Imagery Signal Classifier & DNA Sequence Aligner | C12: Process raw multi-channel brain EEG data to classify movement intent, and write a parallel Smith-Waterman sequence aligner in Rust. | D12: Bandpass filtering, Fast Fourier Transform (FFT), Common Spatial Patterns (CSP), Brain-Computer Interface (BCI) classification, Smith-Waterman local alignment. | E12: Achieve >85% classification accuracy on motor imagery EEG datasets; benchmark DNA sequence alignment speed against standard BLAST outputs. | F12: Processing pipeline must execute in real time (<20ms latency per EEG frame). | G12: Not Passed
A13: Phase 12: Advanced Cryptography & Post-Quantum | B13: Zero-Knowledge Proof (zk-SNARK) Circuit & Kyber PQC Implementation | C13: Design a ZK circuit that proves knowledge of a hash pre-image without revealing it, and implement CRYSTALS-Kyber key exchange. | D13: Circom / Noir ZK circuits, R1CS constraint systems, Groth16 / Plonk proving schemes, Lattice-based learning with errors (LWE), CRYSTALS-Kyber (ML-KEM). | E13: Generate and verify zk-SNARK proofs on-chain or locally in <100ms; prove lattice-based quantum resistance against known reduction attacks. | F13: Zero information leak regarding secret inputs in the generated proof payload. | G13: Not Passed
A14: Phase 13: Theoretical CS & Formal Verification | B14: Formally Verified Sorting or Graph Algorithm in Lean 4 | C14: Implement a non-trivial algorithm (e.g., Mergesort or Dijkstra's) in Lean 4 / Coq and mathematically prove its correctness and termination. | D14: Lean 4 / Coq interactive theorem proving, inductive types, loop invariants, structural recursion proofs, termination metrics, formal verification. | E14: Pass the Lean 4 / Coq kernel proof checker with zero unproved `sorry` axioms or hypotheses. | F14: Must provide full mathematical proofs for both safety (correctness) and liveness (termination). | G14: Not Passed

Sheet Verification Dashboard
A1: CAPSTONE PRACTICAL TEST VERIFICATION MATRIX (PHASES 1 - 13)
A3: Phase Name | B3: Required Capstone Project | C3: Primary Domain Verified | D3: Total Capstone Tests | E3: Verification Status
A4: Phase 1: Full-Stack Web Development | B4: Real-Time Collaborative Code Editor | C4: Web Core, WebSockets, Databases, Auth, Docker | D4: =COUNTIF('Practical Test Matrix'!A:A, "Phase 1: Full-Stack Web Development") | E4: =COUNTIFS('Practical Test Matrix'!A:A, "Phase 1: Full-Stack Web Development", 'Practical Test Matrix'!G:G, "Passed") & " / " & COUNTIF('Practical Test Matrix'!A:A, "Phase 1: Full-Stack Web Development")
A5: Phase 2: Low-Level Systems Programming | B5: Custom Allocator (C) & Async Event Loop (Rust) | C5: Memory Management, System Calls, epoll/kqueue | D5: =COUNTIF('Practical Test Matrix'!A:A, "Phase 2: Low-Level Systems Programming") | E5: =COUNTIFS('Practical Test Matrix'!A:A, "Phase 2: Low-Level Systems Programming", 'Practical Test Matrix'!G:G, "Passed") & " / " & COUNTIF('Practical Test Matrix'!A:A, "Phase 2: Low-Level Systems Programming")
A6: Phase 3: Architecture & System Design | B6: Distributed Rate Limiter & Message Broker | C6: System Scalability, Redis, Pub/Sub, gRPC | D6: =COUNTIF('Practical Test Matrix'!A:A, "Phase 3: Architecture & System Design") | E6: =COUNTIFS('Practical Test Matrix'!A:A, "Phase 3: Architecture & System Design", 'Practical Test Matrix'!G:G, "Passed") & " / " & COUNTIF('Practical Test Matrix'!A:A, "Phase 3: Architecture & System Design")
A7: Phase 4: Applied AI & Machine Learning Infrastructure | B7: Custom RAG Engine & Model Serving Pipeline | C7: PyTorch, Quantization, Embeddings, vLLM | D7: =COUNTIF('Practical Test Matrix'!A:A, "Phase 4: Applied AI & Machine Learning Infrastructure") | E7: =COUNTIFS('Practical Test Matrix'!A:A, "Phase 4: Applied AI & Machine Learning Infrastructure", 'Practical Test Matrix'!G:G, "Passed") & " / " & COUNTIF('Practical Test Matrix'!A:A, "Phase 4: Applied AI & Machine Learning Infrastructure")
A8: Phase 5: Competitive Algorithms & Advanced Math | B8: HNSW Vector Index from Scratch | C8: Graph Search, SIMD Vectorization, Algorithmic Bounds | D8: =COUNTIF('Practical Test Matrix'!A:A, "Phase 5: Competitive Algorithms & Advanced Math") | E8: =COUNTIFS('Practical Test Matrix'!A:A, "Phase 5: Competitive Algorithms & Advanced Math", 'Practical Test Matrix'!G:G, "Passed") & " / " & COUNTIF('Practical Test Matrix'!A:A, "Phase 5: Competitive Algorithms & Advanced Math")
A9: Phase 6: Reverse Engineering & Cybersecurity | B9: Crackme Challenge & ROP Payload Script | C9: x86-64 Assembly, Ghidra, ROP Chains, Exploits | D9: =COUNTIF('Practical Test Matrix'!A:A, "Phase 6: Reverse Engineering & Cybersecurity") | E9: =COUNTIFS('Practical Test Matrix'!A:A, "Phase 6: Reverse Engineering & Cybersecurity", 'Practical Test Matrix'!G:G, "Passed") & " / " & COUNTIF('Practical Test Matrix'!A:A, "Phase 6: Reverse Engineering & Cybersecurity")
A10: Phase 7: OS Kernel Internals & Deep CS Research | B10: Linux Kernel Module & Custom CUDA Kernel | C10: Ring 0 Hooking, eBPF, GPU Shared Memory Tiling | D10: =COUNTIF('Practical Test Matrix'!A:A, "Phase 7: OS Kernel Internals & Deep CS Research") | E10: =COUNTIFS('Practical Test Matrix'!A:A, "Phase 7: OS Kernel Internals & Deep CS Research", 'Practical Test Matrix'!G:G, "Passed") & " / " & COUNTIF('Practical Test Matrix'!A:A, "Phase 7: OS Kernel Internals & Deep CS Research")
A11: Phase 8: Hardware, Silicon & Chip Design (ASIC/FPGA) | B11: 5-Stage Pipelined RV32I RISC-V CPU Core | C11: Verilog/SystemVerilog, Pipeline Hazards, Synthesis | D11: =COUNTIF('Practical Test Matrix'!A:A, "Phase 8: Hardware, Silicon & Chip Design (ASIC/FPGA)") | E11: =COUNTIFS('Practical Test Matrix'!A:A, "Phase 8: Hardware, Silicon & Chip Design (ASIC/FPGA)", 'Practical Test Matrix'!G:G, "Passed") & " / " & COUNTIF('Practical Test Matrix'!A:A, "Phase 8: Hardware, Silicon & Chip Design (ASIC/FPGA)")
A12: Phase 9: Quantum Computing & Quantum Information | B12: Variational Quantum Eigensolver (VQE) | C12: Quantum Circuits, Qiskit, Ansatz, Hamiltonian Mapping | D12: =COUNTIF('Practical Test Matrix'!A:A, "Phase 9: Quantum Computing & Quantum Information") | E12: =COUNTIFS('Practical Test Matrix'!A:A, "Phase 9: Quantum Computing & Quantum Information", 'Practical Test Matrix'!G:G, "Passed") & " / " & COUNTIF('Practical Test Matrix'!A:A, "Phase 9: Quantum Computing & Quantum Information")
A13: Phase 10: Robotics, Embodied AI & Physical Control | B13: Autonomous SLAM & Navigation Robot | C13: ROS 2, Control Theory (MPC), SLAM, Gazebo/Isaac | D13: =COUNTIF('Practical Test Matrix'!A:A, "Phase 10: Robotics, Embodied AI & Physical Control") | E13: =COUNTIFS('Practical Test Matrix'!A:A, "Phase 10: Robotics, Embodied AI & Physical Control", 'Practical Test Matrix'!G:G, "Passed") & " / " & COUNTIF('Practical Test Matrix'!A:A, "Phase 10: Robotics, Embodied AI & Physical Control")
A14: Phase 11: Bio-Informatics, BCIs & Bio-Computing | B14: EEG Signal Classifier & DNA Aligner | C14: FFT, Signal Processing, BCI, Smith-Waterman | D14: =COUNTIF('Practical Test Matrix'!A:A, "Phase 11: Bio-Informatics, BCIs & Bio-Computing") | E14: =COUNTIFS('Practical Test Matrix'!A:A, "Phase 11: Bio-Informatics, BCIs & Bio-Computing", 'Practical Test Matrix'!G:G, "Passed") & " / " & COUNTIF('Practical Test Matrix'!A:A, "Phase 11: Bio-Informatics, BCIs & Bio-Computing")
A15: Phase 12: Advanced Cryptography & Post-Quantum | B15: zk-SNARK Circuit & Kyber PQC Exchange | C15: Zero-Knowledge Proofs, Lattice PQC, Circom | D15: =COUNTIF('Practical Test Matrix'!A:A, "Phase 12: Advanced Cryptography & Post-Quantum") | E15: =COUNTIFS('Practical Test Matrix'!A:A, "Phase 12: Advanced Cryptography & Post-Quantum", 'Practical Test Matrix'!G:G, "Passed") & " / " & COUNTIF('Practical Test Matrix'!A:A, "Phase 12: Advanced Cryptography & Post-Quantum")
A16: Phase 13: Theoretical CS & Formal Verification | B16: Formally Verified Sorting/Graph Algorithm | C16: Lean 4 / Coq Proof Verification, Formal Safety | D16: =COUNTIF('Practical Test Matrix'!A:A, "Phase 13: Theoretical CS & Formal Verification") | E16: =COUNTIFS('Practical Test Matrix'!A:A, "Phase 13: Theoretical CS & Formal Verification", 'Practical Test Matrix'!G:G, "Passed") & " / " & COUNTIF('Practical Test Matrix'!A:A, "Phase 13: Theoretical CS & Formal Verification")
